id,name,symbol,tf_min,family,net_pct,cagr,max_dd,pf,sharpe,trades,years,cost_drag_yr,control,url
01M2E61Y95JFD4FWF7J8K6V6SJ,Agent001 EMA9 VWAP Trail Transfer Seed (UNIUSDT),UNIUSDT,60,ema9_vwap_trend_1h,17326.5469,2.9154,21.899,2.294,4.1859,1653,3.78,0.481,False,https://mcp-api.trader.dev/backtest/01M2E61Y95JFD4FWF7J8K6V6SJ
01M34PF9CJNKKF423WR9GV418A,CTRL-3b zero-info 0.10 ETH2h,SOLUSDT,120,other,16486.854,2.5887,21.6424,3.1572,4.1802,1471,4.0,0.4045,True,https://mcp-api.trader.dev/backtest/01M34PF9CJNKKF423WR9GV418A
01M2N5T4GX1MGWT3FQ1FM9N4R8,Codex recreation LTC long-window,LTCUSDT,60,ema9_vwap_trend_1h,15354.004,1.6723,21.925,2.9994,3.9867,1858,5.13,0.3984,False,https://mcp-api.trader.dev/backtest/01M2N5T4GX1MGWT3FQ1FM9N4R8
01M3JFGCM12GWJCVYQP0T7QMK2,Desk Audit Codex Rebalanced 1h,LTCUSDT,60,ema9_vwap_trend_1h,19972.767,1.4722,21.927,2.7748,3.8363,2145,5.86,0.4026,False,https://mcp-api.trader.dev/backtest/01M3JFGCM12GWJCVYQP0T7QMK2
01M29JGYVVX4BXBM95JNCKW905,Lettuce — LTCUSDT EMA/VWAP trend (1h),LTCUSDT,60,ema9_vwap_trend_1h,19966.7883,1.47,21.927,2.7723,3.8343,2148,5.86,0.4032,False,https://mcp-api.trader.dev/backtest/01M29JGYVVX4BXBM95JNCKW905
01M3N8TWHBV9N7CV2877Q2BNQ3,RVT Codex Vanta 10pct BTC 1H,BTCUSDT,60,vanta_atr_trail_1h,17220.2712,1.2068,21.2917,2.0206,3.6039,3745,6.51,0.6328,False,https://mcp-api.trader.dev/backtest/01M3N8TWHBV9N7CV2877Q2BNQ3
01M3Q69GS6811NPP8B3FPHKQ8B,Audit: Vanta Conservative BTC 1H (Fixed ATR Trail),BTCUSDT,60,vanta_atr_trail_1h,16693.3935,1.1963,21.2925,2.0201,3.5803,3740,6.51,0.632,False,https://mcp-api.trader.dev/backtest/01M3Q69GS6811NPP8B3FPHKQ8B
01M1MFGXV5J0PGXVSPRFKYP0MH,LB-BTC-08 Vanta Conservative 1h (leaderboard copy),BTCUSDT,60,vanta_atr_trail_1h,15832.2487,1.2049,21.2925,2.0264,3.5802,3673,6.41,0.6303,False,https://mcp-api.trader.dev/backtest/01M1MFGXV5J0PGXVSPRFKYP0MH
01M26F4PGQA45HTVHP775G6P1C,Vanta Conservative BTC 1H - original 0.15 ATR trail (baseline rerun),BTCUSDT,60,vanta_atr_trail_1h,16238.6266,1.2009,21.2925,2.0173,3.5798,3702,6.46,0.6304,False,https://mcp-api.trader.dev/backtest/01M26F4PGQA45HTVHP775G6P1C
01M0Q7YAPRKXF4ZF2ZY550R8XY,Vanta Conservative — sizing-override check,BTCUSDT,60,vanta_atr_trail_1h,15809.34,1.2051,21.2925,2.0254,3.5797,3671,6.41,0.63,False,https://mcp-api.trader.dev/backtest/01M0Q7YAPRKXF4ZF2ZY550R8XY
01M0N9KK8TKB87RRT2A428DR6V,Vanta Conservative BTC 1H (my live copy),BTCUSDT,60,vanta_atr_trail_1h,15758.7451,1.2055,21.2925,2.0225,3.5794,3669,6.41,0.6296,False,https://mcp-api.trader.dev/backtest/01M0N9KK8TKB87RRT2A428DR6V
01M0P7FFNYZGQMCSW8QHXZEB3G,Vanta Conservative BTC 1H - independent slippage check,BTCUSDT,60,vanta_atr_trail_1h,15481.6134,1.2024,21.2925,2.005,3.5721,3664,6.39,0.6307,False,https://mcp-api.trader.dev/backtest/01M0P7FFNYZGQMCSW8QHXZEB3G
